Bird_Id,Cage,Sex,Initial_mass,Final_mass,Tarsus (mm),Light_Condition,Social_Condition,treatment,Date_In,Sac_Day,phase,time,Comments,PER2,PER3,CRY,BMAL,melatonin,L_PER2,L_PER3,L_CRY,L_BMAL,act,on1,on2,on3,on4,on5,on6,on7,on8,on9,off1,off2,off3,off4,off5,off6,off7,off8,off9
B10,1,m,16.8,16.14,15.9,ALAN,grouped,SA,2/7/2023,3/13/2023,day,1,bmal is weird may be a weird bird,1.13821,0.64489,0.90657,1.04367,288.6028,1.22715,1.06011,0.73924,0.00018,4.333333333,-171,-63,-196,-195,-90,,-113,,-71,38,82,59,89,3,138,4,-7,-41
DB187,1,f,17.2,17.2,16.3,ALAN,grouped,SA,2/7/2023,3/13/2023,day,7,,0.12475,0.06764,0.79688,1.14955,705.7389,0.06278,0.03097,1.94013,0.50257,3.5,-171,-63,-196,-195,-90,,-113,,-71,38,82,59,89,3,138,4,-7,-41
G9,1,m,15,14.8,15.5,ALAN,grouped,SA,2/7/2023,3/13/2023,day,7,,0.42739,0.15088,0.5001,1.11732,408.6074,0.21946,0.01843,0.49857,0.10955,3.5,-171,-63,-196,-195,-90,,-113,,-71,38,82,59,89,3,138,4,-7,-41
O100,1,m,17.5,17.55,14.8,ALAN,grouped,SA,2/7/2023,3/13/2023,night,13,,0.20397,0.11564,0.41461,0.42928,247.9558,0.02244,0.00726,0.29167,0.18391,0,-171,-63,-196,-195,-90,,-113,,-71,38,82,59,89,3,138,4,-7,-41
O133,1,f,16.5,19.93,17,ALAN,grouped,SA,2/7/2023,3/13/2023,day,1,,,1.17629,1.30506,0.52605,195.8446,1.06935,1.07509,0.62344,0.01133,4.333333333,-171,-63,-196,-195,-90,,-113,,-71,38,82,59,89,3,138,4,-7,-41
O18,1,f,16.8,18,15.6,ALAN,grouped,SA,2/7/2023,3/13/2023,night,13,,0.41351,0.11647,1.29872,0.93297,668.7782,0.01393,0.0124,0.54797,0.18077,0,-171,-63,-196,-195,-90,,-113,,-71,38,82,59,89,3,138,4,-7,-41
B20,3,m,17,17.52,21,LD,isolated,LD,2/7/2023,3/13/2023,day,1,,1.11003,1.50706,1.06945,,372.1554,0.73992,0.76099,0.23127,0.06686,,,,,,,,,,,,,,,,,,,
B1,4,m,15.5,16.15,15.5,ALAN,grouped,SA,2/7/2023,3/14/2023,night,19,,0.64917,1.36977,0.19976,0.47117,822.0658,0.05969,0.70412,0.01742,0.00708,1,-382,-408,-313,-203,-143,,-47,,-43,169,5,34,151,74,169,25,29,-114
G1,4,m,13.8,14.49,15.6,ALAN,grouped,SA,2/7/2023,3/13/2023,day,7,,0.44374,0.09165,1.27215,0.63769,450.0722,0.05373,0.01181,1.02669,1.07634,1.666666667,-382,-408,-313,-203,-143,,-47,,-43,169,5,34,151,74,169,25,29,-114
O3,4,f,18,18.39,15.7,ALAN,grouped,SA,2/7/2023,3/13/2023,day,1,Bald patch,1.71181,0.17201,0.73018,0.63796,287.3119,,,,,,-382,-408,-313,-203,-143,,-47,,-43,169,5,34,151,74,169,25,29,-114
O99,4,m,17.2,17.54,16,ALAN,grouped,SA,2/7/2023,3/13/2023,day,1,,1.31479,0.74292,1.3654,0.17508,124.9943,0.39826,0.37071,0.22022,0.00955,5.333333333,-382,-408,-313,-203,-143,,-47,,-43,169,5,34,151,74,169,25,29,-114
Y11,4,f,19.5,20.78,15.9,ALAN,grouped,SA,2/7/2023,3/14/2023,night,19,,0.80457,0.46686,0.62554,0.66778,1380.164,0.05231,0.90973,0.08587,0.08264,1,-382,-408,-313,-203,-143,,-47,,-43,169,5,34,151,74,169,25,29,-114
Y3,4,f,14.5,16.42,14.9,ALAN,grouped,SA,2/7/2023,3/13/2023,day,7,,0.86409,0.40237,1.01648,1.5062,110.9259,0.0455,0.01967,1.07688,0.1656,1.666666667,-382,-408,-313,-203,-143,,-47,,-43,169,5,34,151,74,169,25,29,-114
G8,6,m,15,16.86,16.6,ALAN,isolated,A,2/7/2023,3/13/2023,day,1,,2.34917,0.91641,0.45704,0.14481,984.5777,1.21001,0.9487,0.20844,0.00612,6,13,6,9,2,-8,,13,,13,-238,,-142,-243,16,34,-297,-108,-170
B9,7,m,20,18.09,17.1,LD,grouped,SLD,2/7/2023,3/13/2023,day,7,,0.85814,0.15186,1.70321,0.72568,194.3738,,,,,,1,13,1,8,7,,7,,18,-24,0,-17,1,2,-28,-6,-7,-3
DB64,7,m,16.8,17.25,16,LD,grouped,SLD,2/7/2023,3/13/2023,night,13,,0.59983,0.15753,1.29872,1.20804,334.6047,0.01222,0.00896,0.69263,1.34305,0,1,13,1,8,7,,7,,18,-24,0,-17,1,2,-28,-6,-7,-3
G2,7,m,17.2,16,15.6,LD,grouped,SLD,2/7/2023,3/13/2023,day,1,,3.34666,1.54859,1.21892,0.6321,112.8509,1.14052,0.77074,0.71142,0.03587,3.5,1,13,1,8,7,,7,,18,-24,0,-17,1,2,-28,-6,-7,-3
O124,7,f,17,16.77,17.2,LD,grouped,SLD,2/7/2023,3/14/2023,night,19,,0.66723,0.66715,0.76265,1.39236,201.8395,0.01226,0.25426,0.0347,0.14463,0,1,13,1,8,7,,7,,18,-24,0,-17,1,2,-28,-6,-7,-3
O125,7,f,17.8,16.16,15.4,LD,grouped,SLD,2/7/2023,3/13/2023,day,1,,3.42749,1.21173,1.17748,0.54627,550.4724,1,1,0.52978,0.08916,3.5,1,13,1,8,7,,7,,18,-24,0,-17,1,2,-28,-6,-7,-3
Y4,7,f,16.2,16.06,14.9,LD,grouped,SLD,2/7/2023,3/13/2023,day,7,Bald patch,1.25287,0.18643,1,,370.4069,0.23175,0.16331,1.05476,,3,1,13,1,8,7,,7,,18,-24,0,-17,1,2,-28,-6,-7,-3
O44,9,f,20,20.45,15.6,LD,isolated,LD,2/7/2023,3/13/2023,day,1,,,,1.27297,0.49099,717.7711,0.93432,0.58269,0.2957,0.02172,,,,,,,,,,,,,,,,,,,
Y2,10,f,13.75,14.89,16.1,ALAN,isolated,A,2/7/2023,3/13/2023,day,1,,,1.02633,1.40687,1.37278,332.2856,0.61774,0.44049,0.55042,0.01934,7.166666667,-376,-119,-511,-444,-453,,-120,,-96,,163,43,86,23,23,39,51,26
O21,11,m,17,18.7,17.3,ALAN,isolated,A,2/7/2023,3/13/2023,day,7,,0.70067,0.19376,1.56043,1.1853,209.4354,0.08894,0.02665,0.32712,0.10982,15,3,-3,3,8,16,,8,,10,-206,-175,-225,-193,-207,-180,-190,-191,-220
B3,12,m,15.5,14.83,16.1,LD,isolated,LD,2/7/2023,3/13/2023,day,7,,1,0.16445,1.03532,,394.3023,0.2686,0.12472,0.66933,0.25359,4.5,21,16,22,21,26,,28,,73,-156,-120,-125,-42,-171,-151,-172,-214,-163
O96,13,m,17.2,18.52,16,LD,isolated,LD,2/7/2023,3/13/2023,night,13,,0.27289,0.08458,0.46031,0.48764,2310.544,0.03992,0.0282,0.77661,1.55494,0,19,13,15,12,13,,14,,15,-316,-12,-25,-303,-348,-8,-23,-365,-1
Y12,14,f,14,16.08,15.3,ALAN,isolated,A,2/7/2023,3/13/2023,day,7,,0.36616,0.11119,0.51588,0.84476,691.5677,0.51403,0.3873,0.72739,0.33841,0.5,-185,-395,-244,-71,-9,,8,,0,7,124,102,154,,93,17,67,16
Y9,15,f,16,15.98,15.3,LD,isolated,LD,2/7/2023,3/13/2023,day,7,,0.62797,0.11193,0.94296,0.51249,,0.77266,0.44141,1.28667,0.37815,3,7,1,0,7,6,,22,,31,-122,-74,-71,4,-46,5,2,4,5
Y10,16,f,14.5,13.61,15.1,ALAN,isolated,A,2/7/2023,3/13/2023,night,13,,0.4153,0.1134,1.08701,1.38778,1937.821,0.18184,0.02032,0.65162,0.41424,1.5,-231,22,14,19,45,,-1,,3,177,-64,-162,10,13,,,,174
B16,17,m,15.2,15.35,16.5,LD,isolated,LD,2/7/2023,3/14/2023,night,19,,0.30903,0.83391,0.426,,969.3793,0.06225,1,0.10675,0.09127,0,14,12,11,15,28,,15,,16,-174,-184,-234,-183,-2,-10,-175,-211,3
G7,18,m,14.5,13.65,15.8,ALAN,isolated,A,2/7/2023,3/13/2023,night,13,"Brain fell apart, hypo hard to determine",0.3882,0.07116,0.57096,1.26401,427.041,0.02446,0.01931,1.14715,1.13549,0,1,-37,-2,-2,-47,,0,,13,38,-252,-326,-270,-331,-175,-176,-241,-225
O71,19,m,15.8,18.23,16,LD,isolated,LD,2/7/2023,3/13/2023,night,13,Died right before sacrificing ,0.07577,0.09038,0.74628,,1095.775,0.0144,0.00915,0.70786,1.649,0,13,11,10,9,11,,13,,14,-141,12,-203,14,18,17,1,-33,9
B15,20,m,14.8,14.7,15.5,ALAN,isolated,A,2/7/2023,3/14/2023,night,19,,0.5303,1.03152,0.56384,0.00407,273.6752,0.02835,0.286,0.03716,0.00006,0,6,2,1,30,0,,19,,8,103,18,12,13,17,20,21,25,133
O46,21,f,15.75,16.83,15.4,LD,isolated,LD,2/7/2023,3/13/2023,night,13,0.03019,0.12203,0.03019,0.32444,0.7125,191.5557,0.01058,0.00458,0.41149,0.30493,0,22,22,14,33,17,,19,,18,10,-182,-221,-149,-166,-168,-231,-189,-195
B4,22,m,16.5,17.56,16.2,ALAN,isolated,A,2/7/2023,3/13/2023,night,13,"band was red 175 (but we rebanded all red bands), B4 may have fallen off can't find",0.27438,0.09258,0.85571,0.52905,527.7219,0.02063,0.00995,0.59258,0.23276,0.166666667,5,-8,-37,-48,-15,,0,,1,51,-301,-306,17,-275,9,15,14,12
O73,23,f,15,14.92,14.6,LD,isolated,LD,2/7/2023,3/14/2023,night,19,"bird died right before sacrificing, was supposed to be ALAN but was unplugged, unsure when it got unplugged ",0.1005,1.20128,0.28168,0.58502,382.3799,0.03616,0.22118,0.03018,0.00833,0,8,12,6,12,8,,6,,9,-107,-59,-220,-238,-244,-172,-179,-131,-68
Y6,24,f,15.25,17.52,16.4,LD,isolated,LD,2/7/2023,3/14/2023,night,19,,0.30185,0.22044,0.18029,0.20941,153.6547,0.01487,0.34063,0.11065,0.05084,0,33,14,23,15,18,,12,,6,-72,-87,-118,-103,-101,-96,-13,-71,-57
B19,1,m,14,16.58,15,ALAN,grouped,SA,3/15/2023,4/17/2023,night,13,,0.11047,0.12549,0.56399,0.565,3234.991483,0.01643,0.01756,0.66445,1.04639,0.166666667,1,-265,-61,-223,,-69,-82,-107,-58,73,17,-4,22,146,169,11,126,13
O107,1,m,18,18.66,15,ALAN,grouped,SA,3/15/2023,4/18/2023,night,19,,0.20227,0.5852,0.31365,0.36558,582.9964,0.06591,1.55801,0.03499,0.10356,0,1,-265,-61,-223,,-69,-82,-107,-58,73,17,-4,22,146,169,11,126,13
O91,1,f,17.25,18.15,15.5,ALAN,grouped,SA,3/15/2023,4/17/2023,day,7,,0.21914,0.15157,0.91664,1.52732,,0.18261,0.04804,0.93921,1.77745,5.5,1,-265,-61,-223,,-69,-82,-107,-58,73,17,-4,22,146,169,11,126,13
P10,1,f,17.25,17.44,15.1,ALAN,grouped,SA,3/15/2023,4/18/2023,night,19,,0.17023,0.75901,0.1899,0.57138,578.4508,0.01798,1.01999,0.05993,0.16227,0,1,-265,-61,-223,,-69,-82,-107,-58,73,17,-4,22,146,169,11,126,13
P12,1,m,14.75,15.46,14.1,ALAN,grouped,SA,3/15/2023,4/17/2023,day,1,,1.42019,0.63257,1.1712,0.73125,,0.83804,0.42796,0.52467,0.14998,2.833333333,1,-265,-61,-223,,-69,-82,-107,-58,73,17,-4,22,146,169,11,126,13
P19,1,f,16.25,17.76,17.9,ALAN,grouped,SA,3/15/2023,4/17/2023,night,13,,0.05089,0.05532,0.62529,0.67571,517.4769,0.02214,0.01268,0.29735,0.88765,0.166666667,1,-265,-61,-223,,-69,-82,-107,-58,73,17,-4,22,146,169,11,126,13
P4,3,m,14.25,14.16,14,ALAN,isolated,A,3/15/2023,4/17/2023,day,1,,0.50082,0.50511,1.09062,0.60313,1774.408,0.56489,0.44329,0.80195,0.08754,,,,,,,,,,,,,,,,,,,
B17,4,f,14.25,15.4,14.3,LD,grouped,SLD,3/15/2023,4/18/2023,night,19,,0.53505,0.44406,0.31141,1.08453,742.5684,0.02724,0.20299,0.0502,0.24978,0,1,1,0,-3,,5,2,2,-1,5,4,6,-25,-1,10,10,116,6
B5,4,f,15,15.8,14.8,LD,grouped,SLD,3/15/2023,4/17/2023,day,1,,0.9765,0.68994,0.94491,0.6304,519.3071,1.2487,0.62121,0.60448,0.1479,2.833333333,1,1,0,-3,,5,2,2,-1,5,4,6,-25,-1,10,10,116,6
G20,4,m,14,14.91,15.3,LD,grouped,SLD,3/15/2023,4/17/2023,night,13,,0.13047,0.04263,0.51001,0.69074,,0.02888,0.01145,1.26561,1,0,1,1,0,-3,,5,2,2,-1,5,4,6,-25,-1,10,10,116,6
O7,4,m,16.25,17.78,15.3,LD,grouped,SLD,3/15/2023,4/17/2023,day,1,,0.69904,0.92363,0.6982,0.30329,250.9288,1.04079,1.35491,0.44825,0.08426,2.833333333,1,1,0,-3,,5,2,2,-1,5,4,6,-25,-1,10,10,116,6
P18,4,m,13.8,15.55,14,LD,grouped,SLD,3/15/2023,4/18/2023,night,19,Brain fell apart,0.22806,0.40684,0.23894,0.58528,3030.882,0.06143,0.35507,0.13593,0.12576,0,1,1,0,-3,,5,2,2,-1,5,4,6,-25,-1,10,10,116,6
R11,4,f,14,16.7,15.3,LD,grouped,SLD,3/15/2023,4/17/2023,night,13,,0.12805,0.161,0.59749,2.02593,1088.691,0.04653,0.01946,1.31291,1.20096,0,1,1,0,-3,,5,2,2,-1,5,4,6,-25,-1,10,10,116,6
O121,6,f,15.5,19.44,14.8,ALAN,isolated,A,3/15/2023,4/18/2023,night,19,,0.17766,1.10708,0.36711,0.88153,284.19,0.06597,1.15131,0.08672,0.03419,0,,,,,,,,,,,,,,,,,,
G16,7,m,15.5,15.01,14.5,LD,grouped,SLD,3/15/2023,4/17/2023,day,1,,3.12164,1,0.65896,1.18984,,0.6321,0.56261,0.39571,0.00099,7,23,8,20,1,,5,6,5,2,-83,-6,-103,-81,-73,-40,-55,-61,-140
O123,7,f,16.5,18.51,14.8,LD,grouped,SLD,3/15/2023,4/17/2023,day,7,,0.26997,0.18219,0.97993,1.34892,215.8209,0.15154,0.12408,0.8824,0.813,8.833333333,23,8,20,1,,5,6,5,2,-83,-6,-103,-81,-73,-40,-55,-61,-140
O92,7,m,17,19.29,15.5,LD,grouped,SLD,3/15/2023,4/17/2023,day,7,,0.4988,0.18444,1.0375,1.35768,385.2114,0.23545,0.05795,1.22182,1.85579,8.833333333,23,8,20,1,,5,6,5,2,-83,-6,-103,-81,-73,-40,-55,-61,-140
P5,7,m,14.75,15.06,14,LD,grouped,SLD,3/15/2023,4/18/2023,night,19,,0.41899,0.6508,0.28216,0.79972,883.8872,0.04772,1.27918,0.06207,0.29454,0,23,8,20,1,,5,6,5,2,-83,-6,-103,-81,-73,-40,-55,-61,-140
Y1,7,f,17,17.37,15,LD,grouped,SLD,3/15/2023,4/18/2023,night,19,,0.15146,0.45401,0.3891,0.30304,563.9998,0.02418,0.43888,0.02771,0.04426,0,23,8,20,1,,5,6,5,2,-83,-6,-103,-81,-73,-40,-55,-61,-140
Y13,7,f,16.25,18,15.6,LD,grouped,SLD,3/15/2023,4/17/2023,night,13,,0.16351,0.08394,0.76133,1.04729,576.5643,0.01956,0.00625,0.3239,0.81186,0,23,8,20,1,,5,6,5,2,-83,-6,-103,-81,-73,-40,-55,-61,-140
Y16,9,m,17.25,18.95,13.7,LD,isolated,LD,3/15/2023,4/17/2023,day,1,,1.40531,0.6723,0.81014,0.95179,594.496,1,0.73294,1,0.28175,,,,,,,,,,,,,,,,,,,
W85,10,m,17.75,,14.6,ALAN,isolated,A,3/15/2023,,,,Died 4/11,,,,,,,,,,,,,,,,,,,,,,,,,,,,
R200,11,f,17.5,23.08,14.9,ALAN,isolated,A,3/15/2023,4/17/2023,day,1,,1.36074,0.83857,1.26409,0.79195,632.7689,0.68577,0.67466,0.5596,0.37117,5.666666667,1,-96,-513,-188,,-248,5,-35,-56,30,,-16,20,-3,17,,33,16
O70,12,f,16,18.8,14.4,LD,isolated,LD,3/15/2023,4/17/2023,day,1,,1.57447,1,1,1.10776,594.5989,1.45377,1.08763,0.78778,0.28732,1.166666667,12,-3,21,49,,17,7,11,7,-252,10,-8,-196,-182,-197,-190,-69,-238
P14,13,f,16,14.97,16.3,LD,isolated,LD,3/15/2023,4/17/2023,day,7,,0.39037,0.23084,1.08493,1.17965,280.0712,0.31417,0.22612,1.53348,0.00144,1.333333333,23,23,20,9,,11,16,42,5,9,19,14,12,9,11,13,13,10
O62,14,f,17,,14.5,ALAN,isolated,A,3/15/2023,,,,Died 4/13,,,,,,,,,,,,,,,,,,,,,,,,,,,,
B8,15,m,15,17.07,14.6,LD,isolated,LD,3/15/2023,4/17/2023,day,7,,0.24149,0.27733,1.23406,1.19559,528.605,0.30875,0.05277,1.09667,1.30007,2.166666667,1,0,-1,-2,,1,-1,-2,-1,-149,-111,4,-9,-173,-196,-226,-262,-154
Y15,16,m,14.5,15.54,15.9,ALAN,isolated,A,3/15/2023,4/18/2023,night,19,,0.35744,0.43723,0.27768,0.33247,249.8633,0.07495,0.76026,0.10621,0.13241,0,6,6,-1,1,,1,4,4,5,16,30,22,21,28,15,15,32,28
P11,17,m,15.25,18.62,15.6,LD,isolated,LD,3/15/2023,4/18/2023,night,19,,0.21356,0.74464,0.31874,0.5027,247.4651,0.04048,0.8425,0.08167,0.02733,0,25,27,42,49,,34,33,31,21,5,-28,-81,-124,-7,-55,-42,-76,-93
Y14,18,f,16.25,17.2,16.8,ALAN,isolated,A,3/15/2023,4/17/2023,night,13,,0.05807,0.06294,0.95496,1.28127,400.1439,0.02336,0.01044,0.64448,0.9894,1.166666667,1,-148,-98,-90,,-47,-37,-31,2,-278,-307,-344,13,,84,20,10,20
R197,19,f,16,16.52,14.5,LD,isolated,LD,3/15/2023,4/17/2023,night,13,,0.10033,0.11189,0.30988,1.8018,1336.564,0.05783,0.02723,1.30426,1.17842,0,21,15,21,14,,38,25,28,40,-207,-147,-178,-158,-150,-179,-219,-191,-229
P7,20,f,15.25,16.35,15,ALAN,isolated,A,3/15/2023,4/18/2023,night,19,,0.27136,0.41129,0.29236,0.71897,428.2855,0.03308,0.2795,0.05709,0.25563,0,-44,-83,,-60,,5,-28,-1,2,25,169,16,15,16,15,13,16,17
P2,21,m,15.1,15.92,14.4,LD,isolated,LD,3/15/2023,4/17/2023,day,1,,1,1,1,0.28469,1004.182,1.11182,0.38395,0.73501,0.01474,0.333333333,12,27,9,25,,7,16,42,44,-163,-170,-187,4,-115,-156,-138,-174,-165
R30,22,f,15,16.04,15.8,ALAN,isolated,A,3/15/2023,4/17/2023,day,7,,0.65018,0.22164,1.37488,1.92117,1558.992,0.28354,0.24052,1.16308,0.22486,1.833333333,31,6,-304,-433,,-363,-383,14,37,,172,,-74,-149,34,4,,-3
G3,23,m,15.25,17.25,15.1,ALAN,isolated,A,3/15/2023,4/17/2023,day,7,,0.32632,0.14906,0.95917,1.12348,997.3409,0.19325,0.0584,1.47402,1.59609,6.333333333,4,4,5,4,,3,5,3,2,2,-13,2,12,8,-19,-28,-22,1
Y7,24,f,13.75,15.22,15.2,LD,isolated,LD,3/15/2023,4/18/2023,night,19,,0.15329,0.5536,0.35276,0.54106,283.0324,0.04959,0.96051,0.09029,0.30754,0,14,8,22,13,,16,13,14,24,-241,-263,-272,-259,-274,-248,-310,-263,-6
B13,1,m,14,14.7,13.9,ALAN,grouped,SA,9/1/2023,10/5/2023,day,1,,0.99919,0.65275,0.88684,0.07147,310.9877,0.59984,0.49938,0.60005,0.03824,,4,-131,-81,-40,-26,0,-43,-1,-2,-150,-88,37,9,-13,20,107,22,23
B6,1,m,14.5,15.9,15,ALAN,grouped,SA,9/1/2023,10/6/2023,night,13,,0.85445,0.47553,1.11888,0.58757,248.9067,1.04839,0.01663,1.13527,0.62941,,4,-131,-81,-40,-26,0,-43,-1,-2,-150,-88,37,9,-13,20,107,22,23
B7,1,m,13.5,15.3,14.8,ALAN,grouped,SA,9/1/2023,10/6/2023,night,19,,0.47074,0.8266,,0.16873,299.8204,0.15102,2.37442,0.25178,0.08606,,4,-131,-81,-40,-26,0,-43,-1,-2,-150,-88,37,9,-13,20,107,22,23
G18,1,f,13.5,14.5,14.5,ALAN,grouped,SA,9/1/2023,10/5/2023,day,1,,0.5879,0.85393,0.57362,0.14312,448.0886,0.6926,0.38881,0.72706,0.11617,,4,-131,-81,-40,-26,0,-43,-1,-2,-150,-88,37,9,-13,20,107,22,23
G4,1,f,15.5,16.4,15.1,ALAN,grouped,SA,9/1/2023,10/6/2023,night,19,,0.37095,0.92763,0.62329,0.001,277.3539,0.07878,4.19248,0.14467,0.00015,,4,-131,-81,-40,-26,0,-43,-1,-2,-150,-88,37,9,-13,20,107,22,23
G5,1,f,15.25,16.3,14.2,ALAN,grouped,SA,9/1/2023,10/6/2023,night,13,,0.47843,0.10818,0.79788,0.52645,168.4594,0.60629,0.02715,0.59135,0.81038,,4,-131,-81,-40,-26,0,-43,-1,-2,-150,-88,37,9,-13,20,107,22,23
G15,3,f,14.25,14.8,14.5,ALAN,isolated,A,9/1/2023,10/5/2023,day,1,,0.85558,0.50573,1.53082,0.39576,327.9905973,1.70202,1.12151,1.31785,0.54627,,-210,-78,-62,-292,-108,-22,-27,-20,-80,33,127,15,29,16,17,15,16,11
B12,4,m,13.75,16.7,14.7,LD,grouped,SLD,9/1/2023,10/5/2023,day,7,,1.25695,0.19935,1.79882,0.87046,195.3688609,0.62119,0.02363,0.65436,0.56861,,11,11,9,7,8,11,10,8,9,-4,-257,-140,3,-9,1,-244,0,-117
B18,4,m,17,16.3,14.55,LD,grouped,SLD,9/1/2023,10/5/2023,night,13,,0.87356,0.28087,1.55426,1.24983,155.7135,0.6591,0.00894,0.72102,1.02197,,11,11,9,7,8,11,10,8,9,-4,-257,-140,3,-9,1,-244,0,-117
FB3,4,m,10.75,,13.75,LD,grouped,SLD,9/1/2023,,,,Died,,,,,,,,,,,11,11,9,7,8,11,10,8,9,-4,-257,-140,3,-9,1,-244,0,-117
G13,4,f,12.75,13.7,14.3,LD,grouped,SLD,9/1/2023,10/5/2023,night,13,,1.32425,0.14308,1.85637,1.46538,157.4437,0.75499,0.00402,1.19652,1.02783,,11,11,9,7,8,11,10,8,9,-4,-257,-140,3,-9,1,-244,0,-117
G17,4,f,14.5,,15,LD,grouped,SLD,9/1/2023,,,,Died,,,,,,,,,,,11,11,9,7,8,11,10,8,9,-4,-257,-140,3,-9,1,-244,0,-117
G6,4,f,15.25,17,15.1,LD,grouped,SLD,9/1/2023,10/5/2023,day,7,,0.70697,0.0966,1.1003,0.15482,117.7037,1.04271,0.09836,1.29554,0.1731,,11,11,9,7,8,11,10,8,9,-4,-257,-140,3,-9,1,-244,0,-117
B14,6,m,13.25,13.8,14.3,ALAN,isolated,A,9/1/2023,10/5/2023,day,1,,0.69983,1.01385,1.17479,0.43042,151.2865991,0.32736,0.61645,0.28398,0.11508,,104,15,27,41,70,13,93,0,0,11,-178,-201,10,11,11,10,12,12
R16,7,m,12.75,13.6,14.3,LD,isolated,LD,9/1/2023,10/5/2023,day,1,,1,1.90209,1.80897,0.22718,68.33384103,0.2788,0.62665,0.33709,0.01597,,8,4,6,10,4,7,5,2,4,-5,3,8,6,7,9,3,8,-22
R6,8,m,15,14.1,14.25,LD,isolated,LD,9/1/2023,10/5/2023,day,7,,1.32777,0.18298,2.32549,1.02575,140.5442,0.5131,0.12576,0.72014,0.23992,,,,,,,,,,,,,,,,,,,
G11,9,f,16,13.8,14,LD,isolated,LD,9/1/2023,10/5/2023,day,1,,1,1.72416,1.49681,0.1131,223.0157198,0.37691,0.63824,0.47748,0.03625,,14,16,19,14,19,12,21,19,17,-177,-186,-140,-153,-178,-188,-174,-201,-196
Y5,10,f,12.75,12.7,14.2,ALAN,isolated,A,9/1/2023,10/5/2023,day,7,Uncoordinated and thin skull,1.14892,0.21811,2.32978,0.55669,592.8360148,1.64528,0.01023,0.75871,0.26726,,4,-101,-48,-140,55,,,,,-163,-169,-219,-454,-313,,,,
R17,11,m,13,14.5,15.25,ALAN,isolated,A,9/1/2023,10/5/2023,day,7,,0.9745,0.09859,1.15745,0.2104,160.0125177,0.93047,0.06094,1.35076,0.23932,,-23,-150,-132,-53,-55,1,5,11,19,-85,-168,92,9,-37,103,12,43,109
Y20,12,f,16.5,,15.8,LD,isolated,LD,9/1/2023,,,,Died,,,,,,,,,,,,,,,,,,,,,,,,,,,,
R19,13,m,14.25,14.6,14.5,LD,isolated,LD,9/1/2023,10/5/2023,night,13,,1.09352,0.25235,1.33295,2.18279,104.3238,0.97851,0.0088,1.40823,0.70495,,15,6,8,6,4,1,10,6,6,7,5,5,1,-18,5,-4,6,0
Y17,14,f,16.5,16.9,15.1,ALAN,isolated,A,9/1/2023,10/5/2023,night,13,,0.52771,0.2608,0.67972,1.09299,169.164,0.53017,0.00817,0.76823,1.25606,,8,-84,-45,-13,7,3,9,9,2,-272,-261,-283,-272,-263,-268,-268,-262,-262
Y19,15,f,15,15.3,16.05,LD,isolated,LD,9/1/2023,10/5/2023,day,7,,0.95412,0.07822,1.19016,0.20677,101.8904,1.21961,0.09401,1.52364,0.20873,,12,13,9,11,12,11,9,7,11,-260,-309,-331,-305,-343,-296,-335,-358,-312
P23,16,m,14.5,16.8,14.9,ALAN,isolated,A,9/1/2023,10/5/2023,night,13,,0.54029,0.09224,0.49541,0.2997,164.8319,0.59139,0.02229,0.66177,0.89025,,12,-69,-15,-31,-59,13,-11,-20,-43,11,10,15,11,-149,-207,-268,-297,-224
R5,17,m,11.5,12.2,14.5,LD,isolated,LD,9/1/2023,10/6/2023,night,19,,0.70183,1.51125,0.77899,0.18948,146.9033,0.03405,0.08107,0.03467,0.03774,,16,12,10,10,20,22,17,11,38,-199,-240,-240,-209,-177,-250,-7,-229,-269
Y18,18,f,16,16.3,15,ALAN,isolated,A,9/1/2023,10/5/2023,night,13,,0.94114,0.18556,1.30956,0.75849,412.8524,0.75788,0.01005,0.86569,1.10198,,,,,,,,,,,,,,,,,,,
P9,19,f,17.75,15.8,14.65,LD,isolated,LD,9/1/2023,10/5/2023,night,13,,0.89797,0.13156,1.56604,0.98607,86.75777,0.40078,0.00441,0.57102,1,,41,11,5,15,11,6,3,0,1,12,12,12,12,11,11,12,11,12
R20 ,20,m,14,14.6,14.5,ALAN,isolated,A,9/1/2023,10/5/2023,night,13,,0.76806,0.20319,0.99044,1.38226,144.5037,,,,,,15,-22,-71,-82,5,-19,2,5,7,-168,-243,-267,12,-321,32,17,20,21
P6,21,f,14,14.4,14.85,LD,isolated,LD,9/1/2023,10/5/2023,night,13,,1.13245,0.22422,1.46037,0.02541,236.4468,0.66994,0.00583,0.46998,0.01219,,,,,,,,,,,,,,,,,,,
P17,22,f,13.5,12,13.35,ALAN,isolated,A,9/1/2023,10/6/2023,night,19,,0.78408,2.23615,0.86088,0.00167,236.7395,0.11254,2.88629,0.15252,0.00022,,-479,-95,-73,9,-48,9,7,2,3,-210,-242,11,-127,-213,91,12,9,12
R13,23,m,15.25,15,14.7,ALAN,isolated,A,9/1/2023,10/6/2023,night,19,,0.53813,1.12126,0.73338,0.41494,159.203,0.03629,0.65868,0.03089,0.04314,,,,,,,,,,,,,,,,,,,
R9,24,m,13.5,13.4,14.2,LD,isolated,LD,9/1/2023,10/5/2023,night,13,,1.44709,0.1256,1.14256,0.33918,98.98656,1.7515,0.00742,1.2047,1.52435,,7,8,16,9,7,14,7,6,15,-5,-2,5,6,-13,0,5,3,-12
R14,1,m,14.75,14.72,15.9,,,SA,10/13/2023,,day,1,,,,,,257.3845954,,,,,,,,,,,,,,,,,,,,,,,
R15,1,m,14,13.6,15.8,,,SA,10/13/2023,,night,19,,,,,,244.0985411,,,,,,,,,,,,,,,,,,,,,,,
R18,1,m,14,16.24,17.5,,,SA,10/13/2023,,day,1,,,,,,274.1289694,,,,,,,,,,,,,,,,,,,,,,,
Y10,1,f,14,13.77,16.1,,,SA,10/13/2023,,day,1,,,,,,691.0479767,,,,,,,,,,,,,,,,,,,,,,,
Y11,1,f,14,13.89,15.9,,,SA,10/13/2023,,night,19,,,,,,568.3027394,,,,,,,,,,,,,,,,,,,,,,,
Y14,1,f,13.5,13.75,15.9,,,SA,10/13/2023,,night,19,,,,,,192.0707341,,,,,,,,,,,,,,,,,,,,,,,
G1,3,m,14.25,14.3,15,,,A,10/13/2023,,day,1,,,,,,524.7860185,,,,,,,,,,,,,,,,,,,,,,,
B6,4,m,13.75,14.23,15.4,,,SLD,10/13/2023,,day,1,,,,,,338.4851779,,,,,,,,,,,,,,,,,,,,,,,
G20,4,m,13.25,,14.7,,,SLD,10/13/2023,,night,13,,,,,,291.9422137,,,,,,,,,,,,,,,,,,,,,,,
G9,4,f,13,,14.4,,,SLD,10/13/2023,,night,13,,,,,,366.6208407,,,,,,,,,,,,,,,,,,,,,,,
R2,4,m,13.5,,15,,,SLD,10/13/2023,,night,13,,,,,,124.4575707,,,,,,,,,,,,,,,,,,,,,,,
Y13,4,f,15.5,15.9,16,,,SLD,10/13/2023,,day,1,,,,,,535.3524701,,,,,,,,,,,,,,,,,,,,,,,
Y2,4,f,11.75,10.15,14.3,,,SLD,10/13/2023,,day,1,,,,,,731.284563,,,,,,,,,,,,,,,,,,,,,,,
P20,6,f,12.75,,14.3,,,A,10/13/2023,,day,7,,,,,,182.9838387,,,,,,,,,,,,,,,,,,,,,,,
G13,7,m,14.25,,16.3,,,SLD,10/13/2023,,day,7,,,,,,460.699116,,,,,,,,,,,,,,,,,,,,,,,
G17,7,f,14.75,14.68,14.8,,,SLD,10/13/2023,,night,19,,,,,,178.3861482,,,,,,,,,,,,,,,,,,,,,,,
G19,7,m,12,12.52,15.4,,,SLD,10/13/2023,,night,19,May be swtiched with Y4,,,,,323.9215012,,,,,,,,,,,,,,,,,,,,,,,
G2,7,m,12,,14.3,,,SLD,10/13/2023,,day,7,,,,,,380.1858989,,,,,,,,,,,,,,,,,,,,,,,
Y4,7,f,11.25,13.17,14.6,,,SLD,10/13/2023,,night,19,maybe switched with G19,,,,,306.9914144,,,,,,,,,,,,,,,,,,,,,,,
Y6,7,f,14.75,,15.5,,,SLD,10/13/2023,,day,7,,,,,,332.5056469,,,,,,,,,,,,,,,,,,,,,,,
G4,9,m,13,13.55,15.6,,,LD,10/13/2023,,day,1,,,,,,540.2968056,,,,,,,,,,,,,,,,,,,,,,,
G12,10,m,15,,15.9,,,SA,10/13/2023,,day,7,,,,,,444.3915281,,,,,,,,,,,,,,,,,,,,,,,
G14,10,m,13.75,,14.3,,,SA,10/13/2023,,day,7,,,,,,407.2382029,,,,,,,,,,,,,,,,,,,,,,,
G18,10,m,14.25,,15.9,,,SA,10/13/2023,,night,13,,,,,,543.1903757,,,,,,,,,,,,,,,,,,,,,,,
Y12,10,f,15.5,,15.5,,,SA,10/13/2023,,night,13,,,,,,423.0850777,,,,,,,,,,,,,,,,,,,,,,,
Y5,10,f,16.25,,16.3,,,SA,10/13/2023,,night,13,,,,,,194.4729413,,,,,,,,,,,,,,,,,,,,,,,
Y7,10,f,16.25,,15.7,,,SA,10/13/2023,,day,7,,,,,,329.9888277,,,,,,,,,,,,,,,,,,,,,,,
G7,12,m,14,,15.8,,,LD,10/13/2023,,day,7,,,,,,257.2634022,,,,,,,,,,,,,,,,,,,,,,,
P15,13,f,16,16.8,15.4,,,LD,10/13/2023,,night,19,,,,,,260.3109867,,,,,,,,,,,,,,,,,,,,,,,
G8,14,m,13.75,14.07,15.8,,,A,10/13/2023,,night,19,,,,,,334.0817512,,,,,,,,,,,,,,,,,,,,,,,
G10,15,m,16.5,17.16,16.4,,,LD,10/13/2023,,night,19,,,,,,199.0698407,,,,,,,,,,,,,,,,,,,,,,,
P16,16,f,15,15.34,15.3,,,A,10/13/2023,,night,19,,,,,,186.7885113,,,,,,,,,,,,,,,,,,,,,,,
P8,17,f,14.75,,15.4,,,LD,10/13/2023,,day,7,,,,,,185.4380046,,,,,,,,,,,,,,,,,,,,,,,
G16,18,m,13.75,13.64,15.5,,,A,10/13/2023,,day,1,,,,,,283.8465509,,,,,,,,,,,,,,,,,,,,,,,
G11,19,m,14,14.09,15.8,,,LD,10/13/2023,,day,1,,,,,,217.558141,,,,,,,,,,,,,,,,,,,,,,,
P13,20,f,16,,14.9,,,A,10/13/2023,,day,7,,,,,,150.1515025,,,,,,,,,,,,,,,,,,,,,,,
Y3,21,f,14.5,,15.9,,,LD,10/13/2023,,night,13,,,,,,155.1033209,,,,,,,,,,,,,,,,,,,,,,,
G15,22,m,14,12.88,14.5,,,LD,10/13/2023,,day,1,,,,,,465.9002375,,,,,,,,,,,,,,,,,,,,,,,
R7,23,f,15.75,,15.8,,,A,10/13/2023,,night,13,,,,,,249.0033762,,,,,,,,,,,,,,,,,,,,,,,
G6,24,f,13.75,,15.6,,,LD,10/13/2023,,night,13,,,,,,388.158724,,,,,,,,,,,,,,,,,,,,,,,
